곡명,관련설교,유형,주제태그,추천용도,회중숙지도,Youtube 링크,난이도,최근사용,사용횟수,비고,가사링크,기쁨으로찬양번호,조옮김코드
부활하신 주님,,CCM,"부활, 소망","예배전찬양, 응답찬양",새로운 곡,,보통,0,0,,,,
할렐루야 아멘,,성가대곡,"부활, 찬양",성가대특송,보통,,어려움,0,0,,,,
여호와는 나의 목자시니,,성가대곡,"은혜, 평안",성가대특송,보통,,어려움,0,0,,,,
주 하나님 지으신 모든 세계,,찬송가,"감사, 찬양",예배전찬양,매우 익숙,,쉬움,0,0,,,,
주의 사랑이 나를 놀라게 하네,,CCM,"감사, 은혜","예배전찬양, 응답찬양",보통,,보통,0,0,,,,
그 사랑 얼마나,십자가 복음으로 하나 되라 (https://app.notion.com/p/344cfb078efd81d0b685ed2acbf330c2?pvs=21),CCM,"십자가, 은혜","예배전찬양, 응답찬양",보통,,쉬움,1,1,,,,
나 같은 죄인 살리신(주찬양 주찬양 내 마음다해),,찬송가,"십자가, 은혜","예배전찬양, 응답찬양",매우 익숙,,쉬움,0,0,,,,
감사함으로 그 문에 들어가며,,CCM,"감사, 찬양",예배전찬양,매우 익숙,,쉬움,0,0,,,,
내 영혼의 그윽히 깊은 데서,,찬송가,"은혜, 평안",응답찬양,매우 익숙,,쉬움,0,0,,,,
예수 나의 첫사랑,"내 영혼아, 여호와를 송축하라! (https://app.notion.com/p/33dcfb078efd81b8be8bc13e663cdb01?pvs=21)",CCM,"기도, 은혜",응답찬양,새로운 곡,,보통,1,1,,,,
내 평생에 가는 길,,성가대곡,믿음,성가대특송,매우 익숙,https://www.youtube.com/watch?v=mNwz0ttmxGI,쉬움,0,0,,,,
주 하나님 크신 은혜,,찬송가,"감사, 믿음, 은혜, 인도","예배전찬양, 응답찬양",매우 익숙,,쉬움,0,0,Great Is Thy Faithfulness / 찬송가 309장. 헤세드(하나님의 신실한 사랑) 주제에 최적.,,,
주님 내게 오시면,,CCM,"은혜, 회개",예배전찬양,보통,,보통,0,0,,,,
나의 힘이 되신 여호와여,나의 크로노스와 하나님의 카이로스 (https://app.notion.com/p/33dcfb078efd81afb5f9e5b6d4cefa1f?pvs=21),CCM,인도,예배전찬양,매우 익숙,,쉬움,1,1,,,,
마음   속에  근심 있는 사람,,CCM,평안,성가대특송,매우 익숙,,쉬움,0,0,,,,
예수 따라가며,,찬송가,"믿음, 소망, 인도","예배전찬양, 응답찬양",매우 익숙,,쉬움,0,0,"찬송가 449장. '예수 따라가며 복음 순종하면 어려운 일 당해도 족한 은혜 주시네'. 부르심의 자리에서 순종하는 삶을 고백하는 응답찬양. 고전 7:17,20,24 '부르심 받은 그 자리'와 7:26 '임박한 환난' 속에서의 순종과 직결.",,,
내 안에 부어주소서,,CCM,,,,,,0,0,,,50,G
나 같은 죄인 살리신,,CCM,,,,,,0,0,,,28,G
그때 그 무리들과 함께,,CCM,,,,,,0,0,,,22,G
감사드립니다,,CCM,,,,,,0,0,,,3,D
내 삶의 이유,,CCM,,,,,,0,0,,,48,C
구원자 주 예수,,CCM,,,,,,0,0,,,19,D
나는 주의 친구,,CCM,,,,,,0,0,,,33,C
경배하리 주 하나님,,CCM,,,,,,0,0,,,15,G
나 무엇과도 주님을,,CCM,,,,,,0,0,,,29,G
거룩하신 하나님,,CCM,,,,,,0,0,,,11,F
나는 주의 것,,CCM,,,,,,0,0,,,32,G
기쁘다 구주 오셨네,,CCM,,,,,,0,0,,,25,G
나의 삶을 완전히,,CCM,,,,,,0,0,,,36,D
나의 주 나의 하나님,,CCM,,,,,,0,0,,,40,E
나의 피난처,,CCM,,,,,,0,0,,,41,D
경배하리 내 온 맘 다해,,CCM,,,,,,0,0,,,14,G
내 기도하는 그 시간,,CCM,,,,,,0,0,,,45,G
가서 제자 삼으라,,CCM,,,,,,0,0,,,1,A
나의 영혼이 잠잠히,,CCM,,,,,,0,0,,,39,D
갈보리 십자가,,CCM,,,,,,0,0,,,2,F
거룩한 주 하나님,,CCM,,,,,,0,0,,,13,G
감사해요 깨닫지,,CCM,,,,,,0,0,,,5,C
거룩한 땅에,,CCM,,,,,,0,0,,,12,E
그래도 하나님을,,CCM,,,,,,0,0,,,23,D
괴로울 때 주님의,,CCM,,,,,,0,0,,,18,A
감사해,,CCM,,,,,,0,0,,,4,G
날마다 숨쉬는 순간마다,,CCM,,,,,,0,0,,,43,C
기억하라 아름다운,,CCM,,,,,,0,0,,,26,D
거룩 거룩 거룩하신 주,,CCM,,,,,,0,0,,,8,G
나의 반석이신 하나님,,CCM,,,,,,0,0,,,35,A
그 크신 하나님의 사랑,,CCM,,,,,,0,0,,,21,C
고개 들어,,CCM,,,,,,0,0,,,16,A
내 손을 주께 높이 들고,,CCM,,,,,,0,0,,,49,G
나주 없이 살 수 없네,,CCM,,,,,,0,0,,,42,G
내 구주 예수를 더욱 사랑,,CCM,,,,,,0,0,,,44,D
내 눈 열어,,CCM,,,,,,0,0,,,46,C
나는 믿네,,CCM,,,,,,0,0,,,31,G
나의 소망이 되시는,,CCM,,,,,,0,0,,,37,A
거룩하신 주님께 나오라,,CCM,,,,,,0,0,,,9,A
감사해요 주님의 사랑,,CCM,,,,,,0,0,,,6,D
갈릴리 마을,,CCM,,,,,,0,0,,,1,A
나의 가는 길,,CCM,,,,,,0,0,,,34,D
거룩 거룩 거룩,,CCM,,,,,,0,0,,,7,C
나 주님의 기쁨 되기 원하네,,CCM,,,,,,0,0,,,30,G
거룩하신 주님,,CCM,,,,,,0,0,,,10,C
깊은 곳에서 주께 부르짖어,,CCM,,,,,,0,0,,,27,C
내 마음속에 강이 있어,,CCM,,,,,,0,0,,,47,C
기뻐하며 경배하세,,CCM,,,,,,0,0,,,24,G
나의 안에 거하라,,CCM,,,,,,0,0,,,38,G
그 사랑 얼마나,,CCM,,,,,,0,0,,,20,F
광대하신 주,,CCM,,,,,,0,0,,,17,Bb
빈들에 마른 풀 같이,,CCM,,,,,,0,0,,,88,D
새 힘 얻으리,,CCM,,,,,,0,0,,,92,G
높고 높은 보좌에,,CCM,,,,,,0,0,,,60,G
반드시 오실 주님,,CCM,,,,,,0,0,,,82,D
따스한 성령의 바람,,CCM,,,,,,0,0,,,69,G
성령이 오셨네,,CCM,,,,,,0,0,,,94,G
손을 높이 들고 주를 찬양,,CCM,,,,,,0,0,,,97,G
누군가 널 위해 기도하네,,CCM,,,,,,0,0,,,62,G
무화과 나무가 무성치 못하며,,CCM,,,,,,0,0,,,79,G
성령이여 임하소서,,CCM,,,,,,0,0,,,95,F
내 평생에 가는 길,,CCM,,,,,,0,0,,,56,C
두 손 들고 찬양합니다,,CCM,,,,,,0,0,,,68,D
보혈을 지나,,CCM,,,,,,0,0,,,84,C
바라봅니다,,CCM,,,,,,0,0,,,81,D
목마른 사슴,,CCM,,,,,,0,0,,,77,G
모든 것 가능해,,CCM,,,,,,0,0,,,74,D
내 주 되신 주를 참 사랑하고,,CCM,,,,,,0,0,,,54,G
너는 내 것이라,,CCM,,,,,,0,0,,,57,E
높은 산이 무너지고,,CCM,,,,,,0,0,,,61,G
사랑하는 나의 아버지,,CCM,,,,,,0,0,,,90,G
생명 주께 있네,,CCM,,,,,,0,0,,,93,C
내 영혼이 은총 입어,,CCM,,,,,,0,0,,,52,G
당신은 사랑받기 위해,,CCM,,,,,,0,0,,,66,C
사랑하는 주님,,CCM,,,,,,0,0,,,91,A
내 안에 사랑이 없어,,CCM,,,,,,0,0,,,51,G
아름다운 이 세상 아름다운 천지,,CCM,,,,,,0,0,,,99,G
너는 시냇가에,,CCM,,,,,,0,0,,,58,G
다 드리겠습니다,,CCM,,,,,,0,0,,,64,C
너의 하나님 여호와가,,CCM,,,,,,0,0,,,59,G
십자가의 길 순종의 길,,CCM,,,,,,0,0,,,98,G
모든 민족 모든 땅에,,CCM,,,,,,0,0,,,76,G
내 주의 보혈은,,CCM,,,,,,0,0,,,55,G
세상 어느 곳에도,,CCM,,,,,,0,0,,,96,G
다 와서 주를 찬양,,CCM,,,,,,0,0,,,65,D
복음 들고 가리라,,CCM,,,,,,0,0,,,85,C
부르심 있는 곳에,,CCM,,,,,,0,0,,,86,G
무릎 꿇어라,,CCM,,,,,,0,0,,,78,G
맡겨라 모든 것을,,CCM,,,,,,0,0,,,73,D
아버지 하나님,,CCM,,,,,,0,0,,,100,G
부활하신 주님,,CCM,,,,,,0,0,,,87,G
만세반석 열리니,,CCM,,,,,,0,0,,,72,D
내 영혼의 그윽히 깊은 데서,,CCM,,,,,,0,0,,,53,Bb
보내소서,,CCM,,,,,,0,0,,,83,G
모든 능력과 힘,,CCM,,,,,,0,0,,,75,G
사랑합니다 나의 예수님,,CCM,,,,,,0,0,,,89,G
돌아와,,CCM,,,,,,0,0,,,67,G
믿음으로 서리라,,CCM,,,,,,0,0,,,80,C
만복의 근원 하나님,,CCM,,,,,,0,0,,,71,G
마음이 상한 자를,,CCM,,,,,,0,0,,,70,G
눈을 들어 주를 보라,,CCM,,,,,,0,0,,,63,G
눈을 들어,,CCM,,,,,,0,0,,,109,D
모든 지각에 뛰어나신,,CCM,,,,,,0,0,,,134,G
너의 하나님 여호와가,,CCM,,,,,,0,0,,,104,A
모든 민족에게,,CCM,,,,,,0,0,,,131,F
믿음의 형제들이여,,CCM,,,,,,0,0,,,138,G
모든 민족과 열방 향하여,,CCM,,,,,,0,0,,,130,Bb
모든 능력과 모든 권세,,CCM,,,,,,0,0,,,128,A
다 와서 찬양해,,CCM,,,,,,0,0,,,112,G
보좌에 계신 하나님,,CCM,,,,,,0,0,,,142,A
매일 스치는 사람들,,CCM,,,,,,0,0,,,124,C
맑고 밝은 날,,CCM,,,,,,0,0,,,123,E
마지막 날에,,CCM,,,,,,0,0,,,120,F
만복의 근원 하나님,,CCM,,,,,,0,0,,,121,D
당신의 그 섯김이,,CCM,,,,,,0,0,,,115,A
놀라워라,,CCM,,,,,,0,0,,,106,G
두 손 들고 찬양합니다,,CCM,,,,,,0,0,,,116,E
다 찬양하자 주께,,CCM,,,,,,0,0,,,113,F
먼저 그 나라와,,CCM,,,,,,0,0,,,125,D
물이 바다 덮음같이,,CCM,,,,,,0,0,,,167,F
무화과 나무잎이,,CCM,,,,,,0,0,,,136,A
모든 민족과 방언들,,CCM,,,,,,0,0,,,129,G
너의 이름을 새롭게,,CCM,,,,,,0,0,,,103,G
보좌 앞에 무릇 꾸고,,CCM,,,,,,0,0,,,141,F
문들아 머리 들어라,,CCM,,,,,,0,0,,,137,G
모든 열방 주 볼 때,,CCM,,,,,,0,0,,,79,G
불 속이라도 들어가서,,CCM,,,,,,0,0,,,281,F
마음이 지쳐서,,CCM,,,,,,0,0,,,119,G
부흥,,CCM,,,,,,0,0,,,262,G
모든 만물 다스리시는,,CCM,,,,,,0,0,,,127,F
빛 되신 주,,CCM,,,,,,0,0,,,145,E
넘지 못할 산이,,CCM,,,,,,0,0,,,105,Eb
많은 사람들,,CCM,,,,,,0,0,,,122,A
누구든지 목마르거든,,CCM,,,,,,0,0,,,107,G
마음이 상한 자를,,CCM,,,,,,0,0,,,118,F
보좌에 앉으소서,,CCM,,,,,,0,0,,,143,D
눈을 들어 주를 보라,,CCM,,,,,,0,0,,,110,C
모든 근심을 주께 맡겨,,CCM,,,,,,0,0,,,126,C
때로는 너의 앞에,,CCM,,,,,,0,0,,,117,G
당신은 사랑받기 위해,,CCM,,,,,,0,0,,,114,D
너는 시냇가에,,CCM,,,,,,0,0,,,102,E
반가워요 여러분,,CCM,,,,,,0,0,,,140,A
목마른 사슴,,CCM,,,,,,0,0,,,135,C
능력의 이름 예수,,CCM,,,,,,0,0,,,111,C
눈보다 더 희게,,CCM,,,,,,0,0,,,108,F
부흥 2000,,CCM,,,,,,0,0,,,223,C
모든 이름 위에,,CCM,,,,,,0,0,,,133,D
복음 들고 산을,,CCM,,,,,,0,0,,,144,C
모든 영광을 하나님께,,CCM,,,,,,0,0,,,132,G
바다 같은 주의 사랑,,CCM,,,,,,0,0,,,139,G
시와 찬미와,,CCM,,,,,,0,0,,,176,F
성령 하나님 임하소서,,CCM,,,,,,0,0,,,165,D
어린양 예수,,CCM,,,,,,0,0,,,190,A
사랑해요 목소리 높여,,CCM,,,,,,0,0,,,155,E
선포하라,,CCM,,,,,,0,0,,,162,A
손 내밀어 주를 만져라,,CCM,,,,,,0,0,,,172,D
세상의 유혹 시험이,,CCM,,,,,,0,0,,,171,G
손을 높이 들고,,CCM,,,,,,0,0,,,173,E
사랑합니다 나의 예수님,,CCM,,,,,,0,0,,,154,G
어찌하여야,,CCM,,,,,,0,0,,,191,C
약할 때 강함 되시네,,CCM,,,,,,0,0,,,187,F
빛이 없어도,,CCM,,,,,,0,0,,,146,D
선하신 목자,,CCM,,,,,,0,0,,,163,D
아버지 큰 사랑,,CCM,,,,,,0,0,,,181,E
아버지 사랑합니다,,CCM,,,,,,0,0,,,180,F
신실하신 하나님,,CCM,,,,,,0,0,,,306,A
사랑의 주님 닮기,,CCM,,,,,,0,0,,,150,D
사막에 샘이 넘쳐,나는 씨앗입니다 (https://app.notion.com/p/36acfb078efd8093be9bf92adfc7739b?pvs=21),CCM,,,,,,1,1,,,156,Em
생명 주께 있네,,CCM,,,,,,0,0,,,161,G
어린양 되신 예수,,CCM,,,,,,0,0,,,189,D
시편 40편,,CCM,,,,,,0,0,,,387,C
아침 안개 눈 앞 가리듯,,CCM,,,,,,0,0,,,183,D
살아 계신 성령님,,CCM,,,,,,0,0,,,159,C
사랑의 주님이 날 사랑,,CCM,,,,,,0,0,,,151,D
어린아이처럼,,CCM,,,,,,0,0,,,188,F
아침에 주의 인자하심을,그의 인자하심이 영원하도다 (https://app.notion.com/p/387cfb078efd804995d9dbde49a85758?pvs=21),CCM,,,,,,1,1,,,184,G
세상 부귀 안일함과,,CCM,,,,,,0,0,,,168,D
아주 먼 옛날,,CCM,,,,,,0,0,,,182,C
사랑은 언제나,사랑은 계산하지 않는 것입니다 (https://app.notion.com/p/364cfb078efd808abcc0d36f70049b55?pvs=21),CCM,,,,,,1,1,,,148,D
아버지 주 나의 기업,,CCM,,,,,,0,0,,,178,G
사랑하는 나의 아버지,,CCM,,,,,,0,0,,,152,C
살아 계신 성령님 (F),,CCM,,,,,,0,0,,,160,F
사랑의 나눔 있는 곳,,CCM,,,,,,0,0,,,149,F
세상 권세 멸하시러,,CCM,,,,,,0,0,,,166,D
약한 나로 강하게,,CCM,,,,,,0,0,,,186,C
세상 사람 날 부러워,,CCM,,,,,,0,0,,,169,Bb
십자가의 길,,CCM,,,,,,0,0,,,80,G
사람을 보며,,CCM,,,,,,0,0,,,147,F
세상에서 방황할 때,,CCM,,,,,,0,0,,,170,C
수고하고 무거운,,CCM,,,,,,0,0,,,174,D
아름다우신 주,,CCM,,,,,,0,0,,,177,D
성령 하나님 나의 하나님,,CCM,,,,,,0,0,,,164,D
사모합니다,,CCM,,,,,,0,0,,,158,G
사망의 그늘에 앉아,,CCM,,,,,,0,0,,,157,G
사랑합니다,,CCM,,,,,,0,0,,,153,G
알렐루야 전능하신,,CCM,,,,,,0,0,,,185,A
슬픔 걱정 가득 차고,,CCM,,,,,,0,0,,,175,F
시편 92편,,CCM,,,,,,0,0,,,184,G
아버지 날 붙들어,,CCM,,,,,,0,0,,,179,F
세상 모든 민족이,,CCM,,,,,,0,0,,,167,F
오 거룩한 밤,,CCM,,,,,,0,0,,,218,Bb
예수는 참포도나무,,CCM,,,,,,0,0,,,202,F
왕 되신 주께 감사하세,,CCM,,,,,,0,0,,,233,G
오 주 없이는 살 수 없네,,CCM,,,,,,0,0,,,83,F
예수님의 보혁,,CCM,,,,,,0,0,,,206,G
예수 이름 찬양,,CCM,,,,,,0,0,,,215,E
오 신실하신 주,,CCM,,,,,,0,0,,,389,C
예수 이름으로,,CCM,,,,,,0,0,,,213,E
왕이신 나의 하나님,,CCM,,,,,,0,0,,,236,F
오라 우리가 세상을,,CCM,,,,,,0,0,,,264,G
영원하신 변함없는,,CCM,,,,,,0,0,,,198,E
예수의 이름으로,,CCM,,,,,,0,0,,,212,F
예수 안에 있는 나에게,,CCM,,,,,,0,0,,,208,G
예배,,CCM,,,,,,0,0,,,344,G
왕의 왕 주의 주,,CCM,,,,,,0,0,,,234,G
오늘 피었다 지는,,CCM,,,,,,0,0,,,221,F
오묘하신 예수,,CCM,,,,,,0,0,,,222,G
영광의 주님 찬양하세,,CCM,,,,,,0,0,,,196,A
오 주님 나라 임하리,,CCM,,,,,,0,0,,,226,G
영광을 돌리세,,CCM,,,,,,0,0,,,195,G
열어 주소서,,CCM,,,,,,0,0,,,193,F
예수의 보혁 그 능력,,CCM,,,,,,0,0,,,211,A
오 예수 어린양 되신 주,,CCM,,,,,,0,0,,,224,F
온 세상 들으라,,CCM,,,,,,0,0,,,231,A
오늘 집을 나서기 전,,CCM,,,,,,0,0,,,220,E
왕의 왕,,CCM,,,,,,0,0,,,253,G
오직 주의 사랑에 매여,,CCM,,,,,,0,0,,,228,D
예수 이름이 온 땅에,,CCM,,,,,,0,0,,,214,D
왕의 지성소에 들어가,,CCM,,,,,,0,0,,,235,E
온유한 맘을 주옥소서,,CCM,,,,,,0,0,,,232,D
영광 높이 계신 주께,,CCM,,,,,,0,0,,,194,G
예수 예수 거룩하신,,CCM,,,,,,0,0,,,209,G
예수님 목마릅니다,,CCM,,,,,,0,0,,,205,E
오소서 진리의 성령님,,CCM,,,,,,0,0,,,223,C
온 땅이여 주를 찬양,,CCM,,,,,,0,0,,,230,Em
예수 하나님의 공의,,CCM,,,,,,0,0,,,217,D
예수 I,,CCM,,,,,,0,0,,,199,C
예수 가장 귀한,,CCM,,,,,,0,0,,,200,E
오 주여 나의 마음이,,CCM,,,,,,0,0,,,227,G
영광 주님께,,CCM,,,,,,0,0,,,197,G
예수 주 승리하싘,,CCM,,,,,,0,0,,,216,G
온 땅과 만민들아,,CCM,,,,,,0,0,,,229,C
예수님 날 위해,,CCM,,,,,,0,0,,,204,C
여기에 모인 우리,,CCM,,,,,,0,0,,,192,G
예수 우리 왕이여,,CCM,,,,,,0,0,,,210,A
예수 사랑해요,,CCM,,,,,,0,0,,,207,C
예수 귀하신 이름,,CCM,,,,,,0,0,,,201,E
예수님 그의 희생,,CCM,,,,,,0,0,,,203,Eb
오 나의 자비로운 주,,CCM,,,,,,0,0,,,219,D
우리는 주의 백성,,CCM,,,,,,0,0,,,238,F
우리 보좌 앞에 모였네,,CCM,,,,,,0,0,,,241,A
유대 땅 언덕에,,CCM,,,,,,0,0,,,253,G
우리 모일 때 주 성령,,CCM,,,,,,0,0,,,240,D
이 세상은 날이 갈수록,,CCM,,,,,,0,0,,,264,G
이 땅의 황무함을,,CCM,,,,,,0,0,,,262,G
일어나 걸어라,,CCM,,,,,,0,0,,,47,E
이 믿음 더욱 괽세라,,CCM,,,,,,0,0,,,192,G
저 성벽을 향해,,CCM,,,,,,0,0,,,274,Dm
작은 불꽃 하나가,,CCM,,,,,,0,0,,,271,D
우리에게 향하신,,CCM,,,,,,0,0,,,244,E
은혜로만,,CCM,,,,,,0,0,,,256,C
왕이신 나의 하나님,,CCM,,,,,,0,0,,,237,A
임마누엘,,CCM,,,,,,0,0,,,269,C
우리는 하나 되어,,CCM,,,,,,0,0,,,380,G
일어나 새벽을 깨우리라,,CCM,,,,,,0,0,,,358,Ab
존귀 존귀하신 주,,CCM,,,,,,0,0,,,278,E
우우- 주를 찬양하나이다,,CCM,,,,,,0,0,,,251,E
정결한 마음 주시옵소서,,CCM,,,,,,0,0,,,276,G
유월절 어린양의 피로,,CCM,,,,,,0,0,,,254,A
우물가의 여인처럼,,CCM,,,,,,0,0,,,250,A
우리 빈손을 모아,,CCM,,,,,,0,0,,,242,E
우리에게 한 제단,,CCM,,,,,,0,0,,,243,Ab
우리 함께 기도해,,CCM,,,,,,0,0,,,247,E
전쟁 중에도,,CCM,,,,,,0,0,,,275,F
이곳에 주님 계시네,,CCM,,,,,,0,0,,,257,G
이끄소서,,CCM,,,,,,0,0,,,258,C
이와 같은 때엔,,CCM,,,,,,0,0,,,266,D
있는 모습 그대로,,CCM,,,,,,0,0,,,270,C
우리 오늘 눈물로,,CCM,,,,,,0,0,,,245,A
저 높은 보좌에,,CCM,,,,,,0,0,,,272,Em
이 땅에 오직 주밖에,,CCM,,,,,,0,0,,,261,F
이 험한 세상 나,,CCM,,,,,,0,0,,,267,C
위대하고 강하신 주님,,CCM,,,,,,0,0,,,252,E
인생길 험하고,,CCM,,,,,,0,0,,,268,F
이 산지를,,CCM,,,,,,0,0,,,318,A
존귀 오 존귀하신 주,,CCM,,,,,,0,0,,,277,E
은보다 더 귀하신 주님,,CCM,,,,,,0,0,,,255,D
우리 함께 기빨해,,CCM,,,,,,0,0,,,248,E
이 세상 사는 동안,,CCM,,,,,,0,0,,,263,G
우마 쉼지 않으리,,CCM,,,,,,0,0,,,249,F
이 시간 모두,,CCM,,,,,,0,0,,,265,C
왕샼 날 사랑하나,,CCM,,,,,,0,0,,,204,C
저 멀리 뽐이는 나의,,CCM,,,,,,0,0,,,273,G
우리 주의 성령이,,CCM,,,,,,0,0,,,246,Em
이날은 주가 지으신 날,,CCM,,,,,,0,0,,,260,E
잡아 주시네,,CCM,,,,,,0,0,,,188,F
우리들의 무기는,,CCM,,,,,,0,0,,,239,G
이날은 이날은,,CCM,,,,,,0,0,,,259,E
주님과 담대히,,CCM,,,,,,0,0,,,300,Dm
주님 내게 오시면,,CCM,,,,,,0,0,,,168,D
주님의 뜻 따르렵니다,,CCM,,,,,,0,0,,,311,C
죄 없으신 주 독생자,,CCM,,,,,,0,0,,,280,D
주님의 사랑이,,CCM,,,,,,0,0,,,312,E
주님은 내 호흡,,CCM,,,,,,0,0,,,308,A
주님의 영광 나타나셨네,,CCM,,,,,,0,0,,,315,G
주 내 맘에 오신 후에,,CCM,,,,,,0,0,,,292,G
주님 나라 임하시네,,CCM,,,,,,0,0,,,302,G
주님은 너를 사랑해,,CCM,,,,,,0,0,,,309,D
주께 가까이,,CCM,,,,,,0,0,,,284,F
주님 손 잡고 일어서세요,,CCM,,,,,,0,0,,,237,A
주는 땅 위에서,,CCM,,,,,,0,0,,,294,F
주님의 영광이,,CCM,,,,,,0,0,,,316,E
죄악에 썭은,,CCM,,,,,,0,0,,,282,F
죄인들을 위하여,,CCM,,,,,,0,0,,,283,C
주 나의 사랑,,CCM,,,,,,0,0,,,291,E
주님 같은 반석은,,CCM,,,,,,0,0,,,296,A
주께서 전진해 온다,,CCM,,,,,,0,0,,,289,Cm
주 너 맘에 들어가,,CCM,,,,,,0,0,,,293,D
주 앞에 엠드려,,CCM,,,,,,0,0,,,290,C
주님 곰으로,,CCM,,,,,,0,0,,,297,Bb
주께 감사해,,CCM,,,,,,0,0,,,286,E
주님께 맡기세요,,CCM,,,,,,0,0,,,105,Eb
주님은 영광의 왕,,CCM,,,,,,0,0,,,310,G
주님 이곳에,,CCM,,,,,,0,0,,,317,D
주를 높이기 원합니다,,CCM,,,,,,0,0,,,321,G
주님여 이 손을,,CCM,,,,,,0,0,,,307,G
주님 큰 영광 받으소서,,CCM,,,,,,0,0,,,319,A
주님의 손으로,,CCM,,,,,,0,0,,,314,G
주님과 같이,,CCM,,,,,,0,0,,,299,G
주님 한 분만으로,,CCM,,,,,,0,0,,,320,G
주께 두 손 모아,,CCM,,,,,,0,0,,,287,D
주께서 왕위에,,CCM,,,,,,0,0,,,288,F
종소리 울려라,,CCM,,,,,,0,0,,,279,Bb
주를 찬양하리,,CCM,,,,,,0,0,,,322,G
주님께서 내 곳에,,CCM,,,,,,0,0,,,301,E
주기도문 송,,CCM,,,,,,0,0,,,390,A
주께 가오니,올빼미의 바닥에서 독수리 날개로 (https://app.notion.com/p/33dcfb078efd81c78befe76d6df3423d?pvs=21),CCM,치유,"예배전찬양, 응답찬양",보통,,보통,1,1,,,285,G
주님 당신은 사랑의 빛,,CCM,,,,,,0,0,,,304,A
주님 보좌 앞에 나아가,,CCM,,,,,,0,0,,,306,A
죄악 된 세상을,,CCM,,,,,,0,0,,,281,F
주님의 영광,,CCM,,,,,,0,0,,,195,G
주님 계신 곳에 나가리,,CCM,,,,,,0,0,,,298,E
주님의 성령,,CCM,,,,,,0,0,,,313,C
주님 내가 여기 있사오니,"맡은 자에게 구할 것은 충성 (https://app.notion.com/p/344cfb078efd818282f6d727fd77d35c?pvs=21), 부르심 받은 그 자리에 머물라 (https://app.notion.com/p/344cfb078efd81f9887decc1a931fe9d?pvs=21)",CCM,,,,,,2,2,,,303,D
주님이 주신 땅으로,,CCM,,,,,,0,0,,,318,A
주는 평화,,CCM,,,,,,0,0,,,295,E
주님만 주님만,,CCM,,,,,,0,0,,,305,F
주 여호와는 광대하시도다,,CCM,,,,,,0,0,,,333,A
주 예수 기빡 찬양해,,CCM,,,,,,0,0,,,335,F
주 이름에 복 있도다,,CCM,,,,,,0,0,,,352,D
지금 우리는 마음을,,CCM,,,,,,0,0,,,358,Ab
주 앞에 엠드려,,CCM,,,,,,0,0,,,331,E
주 우리 아버지,,CCM,,,,,,0,0,,,338,G
지금은 엘리야 때처럼,,CCM,,,,,,0,0,,,359,A
주 안에 우마 하나,,CCM,,,,,,0,0,,,329,Bb
주의 거룩하싘 임할 때,,CCM,,,,,,0,0,,,341,G
주 예수의 이름 높이세,,CCM,,,,,,0,0,,,337,G
주 말쓰 내 발의 등이요,,CCM,,,,,,0,0,,,326,F
주 여호와 능력의 주,,CCM,,,,,,0,0,,,334,F
주의 자비가 내려와,,CCM,,,,,,0,0,,,351,D
주의 이름 높이며 I,,CCM,,,,,,0,0,,,345,E
주 보혁로 날 사싘은,,CCM,,,,,,0,0,,,328,G
주의 인자는 끝이,,CCM,,,,,,0,0,,,349,D
주를 향한 나의 사랑,,CCM,,,,,,0,0,,,325,E
주 이름 큰 능력,,CCM,,,,,,0,0,,,353,C
주의 이름 높이며 II,,CCM,,,,,,0,0,,,346,G
주의 강가로,,CCM,,,,,,0,0,,,339,C
주 하나님 독생자,,CCM,,,,,,0,0,,,356,A
주의 이름 송축하리,,CCM,,,,,,0,0,,,347,F
주여 진실하게 하소서,,CCM,,,,,,0,0,,,332,D
주 말쓰 향하여,,CCM,,,,,,0,0,,,392,G
주 예수 나의 당신이여,,CCM,,,,,,0,0,,,146,D
주의 십자가 지고,,CCM,,,,,,0,0,,,344,G
지존하신 하나님,,CCM,,,,,,0,0,,,361,E
주의 임재 앞에,,CCM,,,,,,0,0,,,350,D
주 보좌로부터,,CCM,,,,,,0,0,,,327,G
주를 찬양하며,,CCM,,,,,,0,0,,,324,F
지금깋 내가 한 일이,,CCM,,,,,,0,0,,,357,E
주 찬양해,,CCM,,,,,,0,0,,,355,F
주의 이름 안에서,,CCM,,,,,,0,0,,,348,D
주의 만찬 앞에 나와,,CCM,,,,,,0,0,,,342,F
주여 이 죄인이,,CCM,,,,,,0,0,,,170,C
지치고 상한,,CCM,,,,,,0,0,,,362,G
주 찬양합니다,,CCM,,,,,,0,0,,,354,D
주의 사랑을,,CCM,,,,,,0,0,,,343,D
주 예수 오소서,,CCM,,,,,,0,0,,,336,E
주의 거룩하싘 생각할 때,,CCM,,,,,,0,0,,,340,C
주 앞에 다 엠드려,,CCM,,,,,,0,0,,,330,E
주를 경배해,,CCM,,,,,,0,0,,,323,E
지존하신 주님,,CCM,,,,,,0,0,,,360,G
주의 위엄 이곳에,,CCM,,,,,,0,0,,,298,E
주만 바라볼지라,,CCM,,,,,,0,0,,,386,A
형제가 연합해,,CCM,,,,,,0,0,,,401,E
하나님은 영이시니,,CCM,,,,,,0,0,,,384,C
형제의 모습 속에,,CCM,,,,,,0,0,,,402,F
평안을 너에게,,CCM,,,,,,0,0,,,377,D
하나님은 우리의 피난처,,CCM,,,,,,0,0,,,385,A
하늘 위에 주님,,CCM,,,,,,0,0,,,391,A
찬양해 주를 찬양해,,CCM,,,,,,0,0,,,371,D
찬양해 주님의 종들아,,CCM,,,,,,0,0,,,370,E
축복송,,CCM,,,,,,0,0,,,117,G
창조의 아버지,,CCM,,,,,,0,0,,,372,G
찬양하세,,CCM,,,,,,0,0,,,369,A
평화의 도구로,,CCM,,,,,,0,0,,,378,F
하늘의 나는 새도,,CCM,,,,,,0,0,,,392,G
하나님 나 여기,,CCM,,,,,,0,0,,,381,F
할렜루야 주가 다스리네,,CCM,,,,,,0,0,,,394,G
축복하소서,,CCM,,,,,,0,0,,,374,G
하나님의 선하싘과,,CCM,,,,,,0,0,,,355,F
찬양하라 내 영혼아,,CCM,,,,,,0,0,,,367,G
찬양하라 주님을,,CCM,,,,,,0,0,,,368,A
하나님 어린양,,CCM,,,,,,0,0,,,382,A
한 아기가 우리에게,,CCM,,,,,,0,0,,,393,A
찬양 찬양,,CCM,,,,,,0,0,,,366,A
흘으로 사람을,,CCM,,,,,,0,0,,,404,E
하나님은 너를 지키시는,,CCM,,,,,,0,0,,,383,E
하나님의 음성을,,CCM,,,,,,0,0,,,387,C
하나님께로 더 가까이,,CCM,,,,,,0,0,,,379,G
하나님 한 번도 나를,,CCM,,,,,,0,0,,,389,C
축복합니다,,CCM,,,,,,0,0,,,375,E
할렜루야 전능의 주,,CCM,,,,,,0,0,,,395,E
항상 진실케,,CCM,,,,,,0,0,,,397,C
찬양의 제사 드리네,,CCM,,,,,,0,0,,,348,D
찬양하라,,CCM,,,,,,0,0,,,364,E
하늘에 계신 아버지,,CCM,,,,,,0,0,,,390,A
하나님이 선택하셨고,,CCM,,,,,,0,0,,,388,E
호산나,,CCM,,,,,,0,0,,,403,G
평강의 왕이요,,CCM,,,,,,0,0,,,376,A
해 아래 새것이,,CCM,,,,,,0,0,,,398,G
찬양을 드리며,,CCM,,,,,,0,0,,,365,C
짐이 무거우났,,CCM,,,,,,0,0,,,363,F
험한 십자가 능력,,CCM,,,,,,0,0,,,400,A
하나님의 사랑을,,CCM,,,,,,0,0,,,386,A
하나님께서는,,CCM,,,,,,0,0,,,380,G
천사의 말을,,CCM,,,,,,0,0,,,373,D
해같이 빛나리,,CCM,,,,,,0,0,,,115,A
험한 세상 나그네 길,,CCM,,,,,,0,0,,,399,D
할 수 있다 하신 이는,,CCM,,,,,,0,0,,,396,C
은혜(손경민),긍휼의 자리 (https://app.notion.com/p/33dcfb078efd81048035ca46bfa009a5?pvs=21),,,,,,,1,1,,,,
나의 갈 길 다가로독,,,,,,,,0,0,,,,
384장 나의 갈 길 다가로독,,찬송가,인도,,,,보통,0,0,,,,G
주 사랑이 나를 숨쉬게해,,,,,,,,0,0,,,,
낮엔 해처럼 밤엔 달처럼,모든 것을 하나님의 영광을 위하여 (https://app.notion.com/p/344cfb078efd81f1a5fcc383ae1ece49?pvs=21),,,,,,,1,1,,,,
그 사랑,,,,,,https://youtu.be/_NAzXDrSJGI?si=Bs0oFeC5SvEywm2P,보통,0,0,,,,
은혜 아니면,,,,,,https://youtu.be/qFPnSuxzngo?si=6yx8RIw4n-tNBIDd,,0,0,,,,
나는 구원 열차 올라타고서,우리는 아직 도착하지 않았습니다 (https://app.notion.com/p/36acfb078efd80a1807dcffb2a711cde?pvs=21),,,,,,,1,1,,,,
왜 나만 겪는 고난이냐고,눈물끝에 부르는 감사의 노래 (https://app.notion.com/p/380cfb078efd80e6b56dc0a097e0db9f?pvs=21),,,,,,,1,1,,,,
내 안에 주여 소망 되소서,내가 여호와인줄 알라 (https://app.notion.com/p/387cfb078efd80c78419e2b051303969?pvs=21),,,,,,,1,1,,,,